{"cameraMode":{"drawMode":0,"name":"Shaded","section":"Shading Mode"},"sceneLighting":true,"audioPlay":false,"sceneViewState":{"m_AlwaysRefresh":false,"showFog":true,"showSkybox":true,"showFlares":true,"showImageEffects":true,"showParticleSystems":true,"showVisualEffectGraphs":true,"m_FxEnabled":true},"in2DMode":false,"pivot":{"x":-3.5227584838867189,"y":1.2142900228500367,"z":3.9726030826568605},"rotation":{"x":0.16489580273628236,"y":0.7364040017127991,"z":-0.19358566403388978,"w":0.6269955039024353},"size":11.042160987854004,"orthographic":true}